{"cameraMode":{"drawMode":0,"name":"Shaded","section":"Shading Mode"},"sceneLighting":true,"audioPlay":false,"sceneViewState":{"showFog":true,"showMaterialUpdate":false,"showSkybox":true,"showFlares":true,"showImageEffects":true,"showParticleSystems":true},"in2DMode":false,"pivot":{"x":0.4711618423461914,"y":-1.6417875289916993,"z":1.670244812965393},"rotation":{"x":-0.4341031312942505,"y":-0.5579702854156494,"z":0.43332019448280337,"w":-0.558978796005249},"size":20.95267677307129,"orthographic":false}