{"cameraMode":{"drawMode":0,"name":"Shaded","section":"Shading Mode"},"sceneLighting":true,"audioPlay":false,"sceneViewState":{"showFog":true,"showMaterialUpdate":false,"showSkybox":true,"showFlares":true,"showImageEffects":true,"showParticleSystems":true},"in2DMode":false,"pivot":{"x":-4.872025012969971,"y":-2.3933181762695314,"z":-0.17049729824066163},"rotation":{"x":-0.21840216219425202,"y":-0.6971133947372437,"z":0.640127420425415,"w":-0.23784519731998444},"size":34.003116607666019,"orthographic":false}