{"cameraMode":{"drawMode":0,"name":"Shaded","section":"Shading Mode"},"sceneLighting":true,"audioPlay":false,"sceneViewState":{"showFog":true,"showMaterialUpdate":false,"showSkybox":true,"showFlares":true,"showImageEffects":true,"showParticleSystems":true},"in2DMode":false,"pivot":{"x":14.02419662475586,"y":-0.02609395980834961,"z":2.2261877059936525},"rotation":{"x":-0.003252783790230751,"y":0.962491512298584,"z":-0.27104637026786806,"w":-0.011550156399607659},"size":14.096643447875977,"orthographic":false}