{"cameraMode":{"drawMode":0,"name":"Shaded","section":"Shading Mode"},"sceneLighting":true,"audioPlay":false,"sceneViewState":{"showFog":true,"showMaterialUpdate":false,"showSkybox":true,"showFlares":true,"showImageEffects":true,"showParticleSystems":true},"in2DMode":false,"pivot":{"x":4.242742538452148,"y":-10.747788429260254,"z":1.880375623703003},"rotation":{"x":0.4687281548976898,"y":0.5286813974380493,"z":-0.4631422758102417,"w":0.5350598692893982},"size":21.690040588378908,"orthographic":false}